{
    "type" : "lazyttf",
    "agents_probability" : [
        [0.0, 0.008247512654913376, 0.036611974166521205, 0.02408797346831908, 0.014924070518415081, 0.031419095828242274, 0.03098271949729447, 0.03809565369174376],
        [0.028189910979228485, 0.0, 0.002705533251876418, 0.02605166695758422, 0.008029324489439693, 0.031288182928957936, 0.0018327805899807995, 0.02644440565543725],
        [0.027535346482806772, 0.00510560307208937, 0.0, 0.025178914295688602, 0.031986385058474426, 0.04106301274218886, 0.0013091289928434282, 0.034080991447023916],
        [0.018895095130040146, 0.008378425554197941, 0.02513527666259382, 0.0, 0.0007854773957060569, 0.002007331122359923, 0.023607959504276486, 4.363763309478094e-05],
        [0.0041019375109094085, 0.03809565369174376, 0.042459417001221855, 0.0006109268633269332, 0.0, 0.024393436899982544, 0.00650200733112236, 0.004320125676383313],
        [0.004756502007331122, 0.008465700820387502, 0.0017891429568860184, 0.0005672892302321523, 0.024698900331646012, 0.0, 0.023607959504276486, 0.021644266015011345],
        [0.017935067201954966, 0.015142258683888986, 0.005018327805899808, 0.012393087798917787, 0.009600279280851807, 0.013702216791761215, 0.0, 0.032946412986559606],
        [0.003927386978530284, 0.020029673590504452, 0.04045208587886193, 0.0024000698202129517, 0.008160237388724036, 0.017629603770291498, 0.040626636411241056, 0.0]
    ],
    "p_vector" : [1, 0.35, 1, 1, 0, 0, 0, 0.65]
}
